ANIO,MES,CONGLOMERADO,MUESTRA,SELVIV,HOGAR,ESTRATO,LLAVE_PANEL,CCDD,AREA,C201,C203,C204,C205,C206,C207,C208,C300n,NROINF,C301_DIA,C301_MES,C301_ANIO,C303,C304,C305,C306_1,C306_2,C306_3,C306_4,C306_5,C306_6,C306_7,C306_8,C306_9,C306_10,C306_10A,C306_11,C306A,C308_COD,C309_COD,C310,C311,C312,C313,C317,C317A,C318_1,C318_2,C318_3,C318_4,C318_5,C318_6,C318_7,C318_T,C328_T,whoraT,C330,C331,C333,C334,P209H,C335,C338,C339_1,C341_T,C342,C344,C345_1,C347_T,C348,C350,C352,C353,C354,C355,C356,C357_I,C358,C359,SEGURO1,C361_1,C362_1,C361_2,C362_2,C361_3,C362_3,C361_4,C362_4,C361_5,C362_5,C361_6,C362_6,C361_7,C362_7,C361_8,C362_8,C364_1,C365_1,C364_2,C365_2,C364_3,C365_3,C364_4,C365_4,C366,C366_1,C366_2,C375_1,C375_2,C375_3,C375_4,C375_5,C375_6,C376,C377,OCUP300,D341_T,D344,D347_T,D350,D351_T,I339_1,I342,I345_1,I348,INGTOT,INGTOTP,ingtrabw,RESIDENT,Informal_P,DIVISION_LIMA,FAC300_ANUAL
2025,01,0000902,1,0031,1,5,20240100009021003111,24,1,1,1,1,2,,1,65,1,1,18,9,1959,1,,,,,,,,,,,,,,,,7231,4520,1,,3,2,1,2,0,8,8,8,8,8,9,49,,49,1,,2,,2,2,,,,,,,,,,,,,,,,,1,1,1,2,2,,2,,2,,2,,2,,2,,2,,1,5,2,,2,,2,,9,3,,2,2,2,2,2,2,10,7,1,,,,,,,2650,,,2650,2650,2650,1,1,,48.59085462432575
2025,01,0000902,1,0031,1,5,20240100009021003112,24,1,2,2,1,2,,2,69,2,2,17,4,1955,2,2,2,2,2,2,2,2,2,2,2,2,2,2,2,2,,,,,,,,,,,,,,,,,,,,,,,,,,,,,,,,,,2,5,1,2,6,,,1,5,2,,2,,2,,2,,1,5,2,,2,,2,,2,,2,,2,,2,,6,5,,2,2,2,2,2,2,10,7,4,,,,,,,,,,,,,1,,,67.245964555735
2025,01,0000902,1,0031,1,5,20240100009021003113,24,1,3,3,1,2,,1,36,3,3,20,12,1988,1,,,,,,,,,,,,,,,,4417,8411,3,2,,,5,9998,0,8,8,8,8,8,0,40,12,52,1,,2,,2,2,4,1800,,,,,,350,,,,,,,,,1,5,2,,2,,2,,2,,1,5,2,,2,,2,,1,5,2,,2,,2,,11,5,,2,2,2,2,2,2,10,7,1,,,,,,1800,,,350,2150,1800,2150,1,1,,66.8888930161655
2025,01,0000902,1,0031,1,5,20240100009021003114,24,1,4,3,1,2,,1,34,4,4,27,9,1990,2,2,2,2,2,2,2,2,2,2,2,2,2,2,2,2,,,,,,,,,,,,,,,,,,,,,,,,,,,,,,,,,,1,3,1,1,13,5,2,1,5,2,,2,,2,,2,,1,5,2,,2,,2,,2,,1,5,2,,2,,9,3,,2,2,2,2,2,2,10,7,2,,,,,,,,,,,,,1,,,66.8888930161655
2025,01,0000902,1,0033,1,5,20240100009021003311,24,1,1,1,1,2,,2,43,1,1,5,7,1981,2,2,2,2,2,2,2,2,2,2,2,2,2,2,2,2,,,,,,,,,,,,,,,,,,,,,,,,,,,,,,,,,,1,3,1,1,13,5,1,1,5,2,,2,,2,,2,,1,5,2,,2,,2,,2,,2,,2,,2,,6,5,,2,2,2,2,2,2,10,7,2,,,,,,,,,,,,,1,,,49.41322617427075
2025,01,0000902,1,0033,1,5,20240100009021003313,24,1,2,3,1,1,,2,23,,,,,,,,,,,,,,,,,,,,,,,,,,,,,,,,,,,,,,,,,,,,,,,,,,,,,,,,,,,,,,,,,,,,,,,,,,,,,,,,,,,,,,,,,,,,,,,,,,,,,,,,,,,,,,,,0,,,
2025,01,0000902,1,0033,1,5,20240100009021003312,24,1,3,98,,,,,,,,,,,,,,,,,,,,,,,,,,,,,,,,,,,,,,,,,,,,,,,,,,,,,,,,,,,,,,,,,,,,,,,,,,,,,,,,,,,,,,,,,,,,,,,,,,,,,,,,,,,,,,,,,,,,,9,,,
2025,01,0000902,1,0033,1,5,20240100009021003314,24,1,4,98,,,,,,,,,,,,,,,,,,,,,,,,,,,,,,,,,,,,,,,,,,,,,,,,,,,,,,,,,,,,,,,,,,,,,,,,,,,,,,,,,,,,,,,,,,,,,,,,,,,,,,,,,,,,,,,,,,,,,9,,,
2025,01,0000902,1,0033,1,5,20240100009021003315,24,1,5,98,,,,,,,,,,,,,,,,,,,,,,,,,,,,,,,,,,,,,,,,,,,,,,,,,,,,,,,,,,,,,,,,,,,,,,,,,,,,,,,,,,,,,,,,,,,,,,,,,,,,,,,,,,,,,,,,,,,,,9,,,
2025,01,0000902,1,0034,1,5,20240100009021003411,24,1,1,1,1,2,,1,53,1,1,4,8,1971,1,,,,,,,,,,,,,,,,7212,2592,2,,2,1,1,1,0,6,6,6,6,6,6,36,,36,1,,1,2,2,2,,,,,,,,,,,,,,,,,1,5,2,,2,,2,,2,,1,5,2,,2,,2,,2,,2,,2,,2,,6,5,,2,2,2,2,2,2,10,7,1,,,,,,,1684,,,1684,1684,1684,1,2,,86.08819645839725
2025,01,0000902,1,0035,1,5,20240100009021003511,24,1,1,1,1,2,,1,65,1,1,16,4,1959,1,,,,,,,,,,,,,,,,7231,4520,1,,3,2,1,2,8,8,8,8,8,8,8,56,,56,1,,2,,2,2,,,,,,,,,,,,,,,,,1,5,2,,2,,2,,2,,1,5,2,,2,,2,,2,,2,,2,,2,,5,2,,2,2,2,2,2,2,10,7,1,,,,,,,2400,,,2400,2400,2400,1,1,,86.08819645839725
2025,01,00029,2,0053,1,5,202410000292005311,24,1,1,1,1,2,,1,55,1,1,4,10,1969,1,,,,,,,,,,,,,,,,8321,4922,2,,3,2,1,1,0,10,9,10,8,10,10,57,,57,1,,2,,2,2,,,,,,,,,,,,,,,,,1,5,2,,2,,2,,2,,1,5,2,,2,,2,,2,,2,,2,,2,,5,1,,2,2,2,2,2,2,10,5,1,,,,,,,1200,,,1200,1200,1200,1,1,,81.74916051928275
2025,01,00029,2,0053,1,5,202410000292005312,24,1,2,2,1,2,,2,52,2,2,13,4,1972,1,,,,,,,,,,,,,,,,5212,4721,2,,3,2,1,1,6,6,6,6,6,6,6,42,,42,1,,2,,2,2,,,,,,,,,,,,,,,,,1,5,2,,2,,2,,2,,1,5,2,,2,,2,,2,,2,,2,,2,,5,1,,2,2,2,2,2,2,10,8,1,,,,,,,280,,,280,280,280,1,1,,63.856618873383
2025,01,00029,2,0053,1,5,202410000292005313,24,1,3,3,1,2,,1,28,3,3,4,6,1996,1,,,,,,,,,,,,,,,,2421,3510,3,5,2,1,1,7,0,8,8,8,8,8,8,48,,48,1,,2,,2,2,4,1500,,,,,,,,,,,,,,,1,1,1,1,2,,2,,2,,2,,2,,2,,2,,1,1,2,,2,,2,,11,5,,2,2,2,2,2,2,10,7,1,,,,,,1500,,,,1500,1500,1500,1,2,,63.51754453095275
2025,01,00029,2,0057,1,5,202410000292005711,24,1,1,1,1,2,,1,36,1,1,6,2,1988,1,,,,,,,,,,,,,,,,8322,4922,2,,3,2,1,1,0,8,9,9,0,0,0,26,30,56,1,,2,,2,2,,,,,,,,340,,,,,,,,,1,5,2,,2,,2,,2,,1,5,2,,2,,2,,2,,2,,2,,2,,4,,6,2,2,2,2,2,2,10,5,1,,,,,,,972,,340,1312,972,1312,1,1,,133.777974038009
2025,01,00029,2,0057,1,5,202410000292005712,24,1,2,2,1,2,,2,30,2,2,4,5,1994,2,2,2,2,2,2,2,2,2,2,2,2,2,2,2,2,,,,,,,,,,,,,,,,,,,,,,,,,,,,,,,,,,2,5,1,2,6,,,1,5,2,,2,,2,,2,,1,5,2,,2,,2,,2,,2,,2,,2,,5,3,,2,2,2,2,2,2,10,8,4,,,,,,,,,,,,,1,,,46.922690037399
2025,01,00029,2,0057,1,5,202410000292005713,24,1,3,3,1,2,,2,15,3,3,11,8,2009,2,2,2,2,2,2,2,2,2,2,2,2,2,2,2,2,,,,,,,,,,,,,,,,,,,,,,,,,,,,,,,,,,2,5,2,2,3,,,2,5,2,,2,,2,,2,,1,5,2,,2,,2,,2,,2,,2,,2,,5,3,,2,2,2,2,2,2,10,8,4,,,,,,,,,,,,,1,,,39.4829198098395
2025,01,00029,2,0057,1,5,202410000292005714,24,1,4,3,1,2,,2,10,,,,,,,,,,,,,,,,,,,,,,,,,,,,,,,,,,,,,,,,,,,,,,,,,,,,,,,,,,,,,,,,,,,,,,,,,,,,,,,,,,,,,,,,,,,,,,,,,,,,,,,,,,,,,,,,1,,,
2025,01,00029,2,0057,1,5,202410000292005715,24,1,5,3,1,2,,1,7,,,,,,,,,,,,,,,,,,,,,,,,,,,,,,,,,,,,,,,,,,,,,,,,,,,,,,,,,,,,,,,,,,,,,,,,,,,,,,,,,,,,,,,,,,,,,,,,,,,,,,,,,,,,,,,,1,,,
2025,01,00029,2,0057,1,5,202410000292005716,24,1,6,3,1,2,,2,1,,,,,,,,,,,,,,,,,,,,,,,,,,,,,,,,,,,,,,,,,,,,,,,,,,,,,,,,,,,,,,,,,,,,,,,,,,,,,,,,,,,,,,,,,,,,,,,,,,,,,,,,,,,,,,,,1,,,
2025,01,00029,2,0058,1,5,202410000292005811,24,1,1,1,1,2,,1,40,1,1,27,1,1985,1,,,,,,,,,,,,,,,,8322,4922,2,,3,2,1,1,0,10,10,10,10,10,10,60,,60,1,,2,,2,2,,,,,,,,,,,,,,,,,1,5,2,,2,,2,,2,,1,5,2,,2,,2,,2,,1,5,2,,2,,11,5,,2,2,2,2,2,2,10,8,1,,,,,,,3000,,,3000,3000,3000,1,1,,63.51754453095275
2025,01,00029,2,0058,1,5,202410000292005812,24,1,2,2,1,1,,2,38,,,,,,,,,,,,,,,,,,,,,,,,,,,,,,,,,,,,,,,,,,,,,,,,,,,,,,,,,,,,,,,,,,,,,,,,,,,,,,,,,,,,,,,,,,,,,,,,,,,,,,,,,,,,,,,,0,,,
2025,01,00029,2,0058,1,5,202410000292005813,24,1,3,3,1,1,,1,13,,,,,,,,,,,,,,,,,,,,,,,,,,,,,,,,,,,,,,,,,,,,,,,,,,,,,,,,,,,,,,,,,,,,,,,,,,,,,,,,,,,,,,,,,,,,,,,,,,,,,,,,,,,,,,,,0,,,
2025,01,00029,2,0058,1,5,202410000292005814,24,1,4,3,1,1,,2,7,,,,,,,,,,,,,,,,,,,,,,,,,,,,,,,,,,,,,,,,,,,,,,,,,,,,,,,,,,,,,,,,,,,,,,,,,,,,,,,,,,,,,,,,,,,,,,,,,,,,,,,,,,,,,,,,0,,,
2025,01,00029,2,0059,1,5,202410000292005911,24,1,1,1,1,2,,1,31,1,1,9,7,1993,1,,,,,,,,,,,,,,,,6223,311,2,,3,2,1,1,0,12,12,12,3,3,3,45,,45,1,,2,,2,2,,,,,,,,,,,,,,,,,1,5,2,,2,,2,,2,,1,5,2,,2,,2,,2,,2,,2,,2,,5,2,,2,2,2,2,2,2,10,5,1,,217,,,,,2165,,,2382,2382,2382,1,1,,62.663323394498
2025,01,00029,2,0059,1,5,202410000292005912,24,1,2,2,1,2,,2,28,2,2,20,10,1996,2,2,2,2,2,2,2,2,2,2,2,2,2,2,2,2,,,,,,,,,,,,,,,,,,,,,,,,,,,,,,,,,,2,5,1,2,6,,,1,5,2,,2,,2,,2,,1,5,2,,2,,2,,2,,2,,2,,2,,4,,6,2,2,2,2,2,2,10,5,4,,,,,,,,,,,,,1,,,32.69894377091525
2025,01,00029,2,0059,1,5,202410000292005913,24,1,3,3,1,2,,1,11,,,,,,,,,,,,,,,,,,,,,,,,,,,,,,,,,,,,,,,,,,,,,,,,,,,,,,,,,,,,,,,,,,,,,,,,,,,,,,,,,,,,,,,,,,,,,,,,,,,,,,,,,,,,,,,,1,,,
2025,01,0003302,3,0001,1,3,20231000033023000112,24,1,1,1,1,2,,2,76,1,1,13,11,1948,2,2,2,2,2,2,2,2,2,2,2,2,2,2,2,2,,,,,,,,,,,,,,,,,,,,,,,,,,,,,,,,,,2,6,2,2,3,,,1,1,1,3,2,,2,,2,,2,,2,,2,,2,,2,,2,,1,3,2,,9,4,,2,2,2,2,2,2,10,7,4,,,,,,,,,,,,,1,,,8.2484094905397
2025,01,0003302,3,0001,1,3,20231000033023000111,24,1,2,7,1,1,,2,76,,,,,,,,,,,,,,,,,,,,,,,,,,,,,,,,,,,,,,,,,,,,,,,,,,,,,,,,,,,,,,,,,,,,,,,,,,,,,,,,,,,,,,,,,,,,,,,,,,,,,,,,,,,,,,,,0,,,
2025,01,0003302,3,0001,1,3,20231000033023000113,24,1,3,7,1,1,,2,71,,,,,,,,,,,,,,,,,,,,,,,,,,,,,,,,,,,,,,,,,,,,,,,,,,,,,,,,,,,,,,,,,,,,,,,,,,,,,,,,,,,,,,,,,,,,,,,,,,,,,,,,,,,,,,,,0,,,
2025,01,0003302,3,0002,1,3,20231000033023000211,24,1,1,1,1,2,,1,65,1,1,20,6,1959,2,2,2,2,2,2,2,2,2,2,2,2,2,2,2,2,,,,,,,,,,,,,,,,,,,,,,,,,,,,,,,,,,1,3,1,1,13,5,4,1,1,1,4,2,,2,,2,,2,,2,,2,,2,,2,,2,,2,,2,,6,5,,2,2,2,2,2,2,10,7,2,,,,,,,,,,,,,1,,,13.9490291124305
2025,01,0003302,3,0002,1,3,20231000033023000212,24,1,2,2,1,2,,2,64,2,2,21,8,1960,2,2,2,2,2,2,2,2,2,2,2,2,2,2,2,2,,,,,,,,,,,,,,,,,,,,,,,,,,,,,,,,,,2,6,1,1,3,,,1,1,1,3,2,,2,,2,,2,,2,,2,,2,,2,,1,3,2,,2,,12,2,,2,2,2,2,2,2,10,8,4,,,,,,,,,,,,,1,,,8.2484094905397
2025,01,0003302,3,0002,1,3,20231000033023000213,24,1,3,5,1,2,,2,14,3,3,1,9,2010,2,2,2,2,2,2,2,2,2,2,2,2,2,2,2,2,,,,,,,,,,,,,,,,,,,,,,,,,,,,,,,,,,2,8,2,2,3,,,2,1,1,4,2,,2,,2,,2,,2,,2,,2,,2,,2,,2,,2,,5,2,,2,2,2,2,2,2,10,5,4,,,,,,,,,,,,,1,,,11.973791618990225
2025,01,0003302,3,0004,1,3,20231000033023000411,24,1,1,1,1,2,,1,42,1,1,29,11,1982,1,,,,,,,,,,,,,,,,4417,8610,3,2,,,5,9998,12,0,12,0,0,12,0,36,9,45,1,,2,,2,2,4,3500,,,,,,493,,,,,,,,,1,1,1,1,2,,2,,2,,2,,2,,2,,2,,2,,1,1,2,,2,,11,5,,2,2,2,2,2,2,10,7,1,,,,,83,3500,,,493,3993,3500,4076,1,2,,14.633824163272175
2025,01,0003302,3,0004,1,3,20231000033023000412,24,1,2,2,1,2,,2,37,2,2,13,1,1988,1,,,,,,,,,,,,,,,,2221,8610,3,2,,,5,9998,0,0,12,0,12,0,12,36,,36,1,,2,,2,2,4,4000,,,,,,,,,,,,,,,1,1,1,1,2,,2,,2,,2,,2,,2,,2,,2,,1,1,2,,2,,12,1,,2,2,2,2,2,2,10,7,1,,,,,83,4000,,,,4000,4000,4083,1,2,,13.786807176887976
2025,01,0003302,3,0004,1,3,20231000033023000413,24,1,3,3,1,2,,1,10,,,,,,,,,,,,,,,,,,,,,,,,,,,,,,,,,,,,,,,,,,,,,,,,,,,,,,,,,,,,,,,,,,,,,,,,,,,,,,,,,,,,,,,,,,,,,,,,,,,,,,,,,,,,,,,,1,,,
2025,01,0003302,3,0004,1,3,20231000033023000414,24,1,4,3,1,2,,2,2,,,,,,,,,,,,,,,,,,,,,,,,,,,,,,,,,,,,,,,,,,,,,,,,,,,,,,,,,,,,,,,,,,,,,,,,,,,,,,,,,,,,,,,,,,,,,,,,,,,,,,,,,,,,,,,,1,,,
2025,01,0003302,3,0004,1,3,20231000033023000415,24,1,5,11,1,2,,2,19,5,5,7,2,2005,2,2,2,2,2,2,2,2,2,2,2,2,2,2,2,2,,,,,,,,,,,,,,,,,,,,,,,,,,,,,,,,,,2,4,1,2,5,,,1,5,2,,2,,2,,2,,1,5,2,,2,,2,,2,,2,,2,,2,,6,5,,2,2,2,2,2,2,10,7,4,,,,,,,,,,,,,1,,,11.973791618990225
2025,01,0003302,3,0005,1,3,20231000033023000511,24,1,1,1,1,2,,2,87,1,1,29,5,1937,2,2,2,2,2,2,2,2,2,2,2,2,2,2,2,2,,,,,,,,,,,,,,,,,,,,,,,,,,,,,,,,,,2,6,2,2,3,,,1,1,1,4,2,,2,,2,,2,,2,,2,,2,,2,,1,4,2,,2,,4,5,,2,2,2,2,2,2,10,7,4,,,,,,,,,,,,,1,,,12.06062716540925
2025,01,0003302,3,0005,1,3,20231000033023000512,24,1,2,3,1,2,,1,57,2,2,23,10,1967,2,2,2,2,2,2,2,2,2,2,2,2,2,2,2,2,,,,,,,,,,,,,,,,,,,,,,,,,,,,,,,,,,1,1,1,1,13,3,5,1,1,1,4,2,,2,,2,,2,,2,,2,,2,,1,5,2,,2,,2,,11,5,,2,2,2,2,2,2,10,7,2,,,,,,,,,,,,,1,,,8.874220168797525
2025,01,0003302,3,0032,1,3,20231000033023003211,24,1,1,1,1,2,,1,30,1,1,25,3,1994,1,,,,,,,,,,,,,,,,8321,4922,2,,3,2,1,1,5,10,10,10,10,10,10,65,,65,1,,2,,2,2,,,,,,,,,,,,,,,,,1,5,2,,2,,2,,2,,1,5,2,,2,,2,,2,,2,,2,,2,,10,4,,2,2,2,2,2,2,10,7,1,,,,,,,1280,,,1280,1280,1280,1,1,,
2025,01,0003302,3,0032,1,3,20231000033023003212,24,1,2,2,1,2,,2,34,2,2,21,3,1990,1,,,,,,,,,,,,,,,,5142,9602,2,,3,2,1,1,0,8,8,8,8,8,6,46,,46,1,,2,,2,2,,,,,,,,,,,,,,,,,1,5,2,,2,,2,,2,,1,5,2,,2,,2,,2,,2,,2,,2,,6,5,,2,2,2,2,2,2,10,5,1,,,,,,,1249,,,1249,1249,1249,1,1,,
2025,01,0003302,3,0032,1,3,20231000033023003213,24,1,3,3,1,2,,1,12,,,,,,,,,,,,,,,,,,,,,,,,,,,,,,,,,,,,,,,,,,,,,,,,,,,,,,,,,,,,,,,,,,,,,,,,,,,,,,,,,,,,,,,,,,,,,,,,,,,,,,,,,,,,,,,,1,,,
2025,01,0003302,3,0032,1,3,20231000033023003214,24,1,4,3,1,2,,2,9,,,,,,,,,,,,,,,,,,,,,,,,,,,,,,,,,,,,,,,,,,,,,,,,,,,,,,,,,,,,,,,,,,,,,,,,,,,,,,,,,,,,,,,,,,,,,,,,,,,,,,,,,,,,,,,,1,,,
2025,01,0003302,3,0032,1,3,20231000033023003215,24,1,5,3,1,2,,2,6,,,,,,,,,,,,,,,,,,,,,,,,,,,,,,,,,,,,,,,,,,,,,,,,,,,,,,,,,,,,,,,,,,,,,,,,,,,,,,,,,,,,,,,,,,,,,,,,,,,,,,,,,,,,,,,,1,,,
2025,01,0003302,3,0087,1,3,20231000033023008712,24,1,1,1,1,2,,1,33,1,1,7,9,1991,1,,,,,,,,,,,,,,,,7421,9512,2,,2,2,1,1,0,6,6,6,6,6,6,36,,36,1,,2,,2,2,,,,,,,,,,,,,,,,,1,5,2,,2,,2,,2,,1,5,2,,2,,2,,2,,2,,2,,2,,6,5,,2,2,2,2,2,2,10,5,1,,,,,,,1500,,,1500,1500,1500,1,2,,
2025,01,0003302,3,0087,1,3,20231000033023008711,24,1,2,98,,,,,,,,,,,,,,,,,,,,,,,,,,,,,,,,,,,,,,,,,,,,,,,,,,,,,,,,,,,,,,,,,,,,,,,,,,,,,,,,,,,,,,,,,,,,,,,,,,,,,,,,,,,,,,,,,,,,,9,,,
2025,01,0003302,5,0050,1,3,20250100033025005011,24,1,1,1,1,1,,1,74,,,,,,,,,,,,,,,,,,,,,,,,,,,,,,,,,,,,,,,,,,,,,,,,,,,,,,,,,,,,,,,,,,,,,,,,,,,,,,,,,,,,,,,,,,,,,,,,,,,,,,,,,,,,,,,,0,,,
2025,01,0003302,5,0050,1,3,20250100033025005012,24,1,2,2,1,2,,2,76,2,2,4,12,1948,2,2,1,,,,,,,,,,,,,,5212,4771,2,,2,2,1,2,0,0,0,0,0,0,0,0,,36,2,36,1,2,2,2,,,,,,,,,,,,,,,,,1,1,1,3,2,,2,,2,,2,,2,,2,,2,,2,,2,,1,3,2,,9,5,,2,2,2,2,2,2,10,7,1,,,,,,,2895,,,2895,2895,2895,1,2,,8.2484094905397
2025,01,0003302,5,0050,1,3,20250100033025005013,24,1,3,3,1,2,,2,41,3,3,2,1,1984,2,2,2,2,2,2,2,2,2,2,2,2,1,2,2,,5223,4771,4,,2,2,1,2,0,4,5,4,5,4,5,27,,27,1,,2,,2,,,,,,,,,,,,,,,,,,1,5,2,,2,,2,,2,,1,5,2,,2,,2,,2,,1,5,2,,2,,10,3,,2,2,2,2,2,2,10,7,1,,,,,,,,,,0,0,0,1,1,,13.786807176887976
2025,01,0003302,5,0050,1,3,20250100033025005014,24,1,4,5,1,2,,2,10,,,,,,,,,,,,,,,,,,,,,,,,,,,,,,,,,,,,,,,,,,,,,,,,,,,,,,,,,,,,,,,,,,,,,,,,,,,,,,,,,,,,,,,,,,,,,,,,,,,,,,,,,,,,,,,,1,,,
2025,01,0003302,5,0051,1,3,20250100033025005111,24,1,1,1,1,2,,1,65,1,1,15,1,1960,2,1,,,,,,,,,,,,,,,2411,8412,3,2,,,5,9998,0,0,0,0,0,0,0,0,,40,2,40,2,,2,2,4,4500,,,,,,,,,,,,,,,1,1,1,1,2,,2,,2,,2,,2,,2,,2,,1,1,2,,2,,2,,11,5,,2,2,2,2,2,2,10,7,1,,,,,83,4500,,,,4500,4500,4583,1,2,,8.874220168797525
2025,01,0003302,5,0051,1,3,20250100033025005112,24,1,2,2,1,2,,2,63,2,2,11,8,1961,1,,,,,,,,,,,,,,,,3314,8530,3,2,,,5,9998,0,8,8,8,8,8,0,40,6,50,2,50,2,,2,2,4,5800,,,,,,140,37,,,,,,,,1,1,1,1,2,,2,,2,,2,,2,,2,,2,,1,1,2,,2,,2,,12,2,,2,2,2,2,2,2,10,7,1,,,,37,83,5800,,,140,5977,5800,6060,1,2,,8.2484094905397
2025,01,0003302,5,0053,1,3,20250100033025005311,24,1,1,1,1,2,,2,77,1,1,29,3,1947,2,2,2,2,2,2,2,2,2,2,2,2,2,2,2,2,,,,,,,,,,,,,,,,,,,,,,,,,,,,,,,,,,2,6,2,2,3,,,1,1,1,4,2,,2,,2,,2,,2,,2,,2,,2,,2,,2,,2,,5,4,,2,2,2,2,2,2,10,7,4,,,,,,,,,,,,,1,,,11.118296997755925
2025,01,0003302,5,0053,1,3,20250100033025005312,24,1,2,3,1,2,,2,45,2,99,,,,,,,,,,,,,,,,,,,,,,,,,,,,,,,,,,,,,,,,,,,,,,,,,,,,,,,,,,,,,,,,,,,,,,,,,,,,,,,,,,,,,,,,,,,,,,,,,,,,,,,,,,,,,,1,,,
2025,01,0003302,5,0053,1,3,20250100033025005313,24,1,3,5,1,2,,1,19,3,99,,,,,,,,,,,,,,,,,,,,,,,,,,,,,,,,,,,,,,,,,,,,,,,,,,,,,,,,,,,,,,,,,,,,,,,,,,,,,,,,,,,,,,,,,,,,,,,,,,,,,,,,,,,,,,1,,,
2025,01,0003302,5,0053,1,3,20250100033025005314,24,1,4,5,1,2,,1,35,4,99,,,,,,,,,,,,,,,,,,,,,,,,,,,,,,,,,,,,,,,,,,,,,,,,,,,,,,,,,,,,,,,,,,,,,,,,,,,,,,,,,,,,,,,,,,,,,,,,,,,,,,,,,,,,,,1,,,
2025,01,0003302,5,0054,1,3,20250100033025005411,24,1,1,1,1,2,,2,43,1,1,2,12,1981,2,2,2,2,2,2,2,2,2,2,2,2,2,2,2,2,,,,,,,,,,,,,,,,,,,,,,,,,,,,,,,,,,2,5,1,1,6,,,1,1,1,4,2,,2,,2,,2,,2,,2,,2,,2,,2,,2,,2,,6,5,,2,2,2,2,2,2,10,7,4,,,,,,,,,,,,,1,,,13.52142786777585
2025,01,0003302,5,0054,1,3,20250100033025005412,24,1,2,2,1,1,,1,44,,,,,,,,,,,,,,,,,,,,,,,,,,,,,,,,,,,,,,,,,,,,,,,,,,,,,,,,,,,,,,,,,,,,,,,,,,,,,,,,,,,,,,,,,,,,,,,,,,,,,,,,,,,,,,,,0,,,
2025,01,0003302,5,0054,1,3,20250100033025005413,24,1,3,3,1,2,,2,17,3,3,30,12,2007,2,2,2,2,2,2,2,2,2,2,2,2,2,2,2,2,,,,,,,,,,,,,,,,,,,,,,,,,,,,,,,,,,2,4,1,2,5,,,2,2,2,,1,4,2,,2,,2,,2,,2,,2,,2,,2,,2,,2,,6,5,,2,2,2,2,2,2,10,6,4,,,,,,,,,,,,,1,,,11.973791618990225
2025,01,0003302,5,0054,1,3,20250100033025005414,24,1,4,3,1,2,,1,8,,,,,,,,,,,,,,,,,,,,,,,,,,,,,,,,,,,,,,,,,,,,,,,,,,,,,,,,,,,,,,,,,,,,,,,,,,,,,,,,,,,,,,,,,,,,,,,,,,,,,,,,,,,,,,,,1,,,
2025,01,0003302,5,0120,1,3,20250100033025012011,24,1,1,1,1,2,,2,31,1,1,7,5,1993,1,,,,,,,,,,,,,,,,5131,5610,3,5,2,2,1,6,5,10,10,10,10,10,0,55,6,61,1,,1,1,1,2,3,550,60,,,1100,,,,,,,,,,,1,5,2,,2,,2,,2,,1,5,2,,2,,2,,2,,2,,2,,2,,6,5,,2,2,2,2,2,2,10,6,1,260,,,,,1100,,1100,,2460,1360,2460,1,1,,
2025,01,0003302,5,0120,1,3,20250100033025012012,24,1,2,3,1,1,,1,14,,,,,,,,,,,,,,,,,,,,,,,,,,,,,,,,,,,,,,,,,,,,,,,,,,,,,,,,,,,,,,,,,,,,,,,,,,,,,,,,,,,,,,,,,,,,,,,,,,,,,,,,,,,,,,,,0,,,
2025,01,0003302,5,0120,1,3,20250100033025012013,24,1,3,3,1,2,,1,10,,,,,,,,,,,,,,,,,,,,,,,,,,,,,,,,,,,,,,,,,,,,,,,,,,,,,,,,,,,,,,,,,,,,,,,,,,,,,,,,,,,,,,,,,,,,,,,,,,,,,,,,,,,,,,,,1,,,
2025,01,0003302,5,0120,1,3,20250100033025012014,24,1,4,3,1,2,,2,9,,,,,,,,,,,,,,,,,,,,,,,,,,,,,,,,,,,,,,,,,,,,,,,,,,,,,,,,,,,,,,,,,,,,,,,,,,,,,,,,,,,,,,,,,,,,,,,,,,,,,,,,,,,,,,,,1,,,
2025,01,0003302,5,0202,1,3,20250100033025020211,24,1,1,1,1,2,,1,30,1,1,4,6,1994,1,,,,,,,,,,,,,,,,7421,9522,2,,3,2,1,1,0,0,0,0,5,12,8,25,,40,2,40,1,1,1,2,,,,,,,,,,,,,,,,,1,5,2,,2,,2,,2,,1,5,2,,2,,2,,2,,2,,2,,2,,6,5,,2,2,2,2,2,2,10,7,1,,,,,,,1645,,,1645,1645,1645,1,1,,
2025,01,0003302,5,0202,1,3,20250100033025020212,24,1,2,6,1,2,,2,52,2,2,8,7,1972,1,,,,,,,,,,,,,,,,5212,4721,2,,3,2,1,2,0,10,10,10,10,10,10,60,,60,1,,2,,2,2,,,,,,,,,,,,,,,,,1,5,2,,2,,2,,2,,1,5,2,,2,,2,,2,,2,,2,,2,,6,5,,2,2,2,2,2,2,10,7,1,,,,,,,590,,,590,590,590,1,1,,
2025,01,00034,4,0015,1,3,202410000344001511,24,1,1,1,1,2,,1,30,1,1,4,11,1994,1,,,,,,,,,,,,,,,,1114,8411,3,2,,,5,9998,0,8,8,8,8,8,0,40,,40,1,,2,,2,2,4,5100,,,,,,,,,,,,,,,1,1,1,1,2,,2,,2,,2,,2,,2,,2,,2,,1,1,2,,2,,11,5,,2,2,2,2,2,2,10,8,1,,,,,,5100,,,,5100,5100,5100,1,2,,
2025,01,00034,4,0015,1,3,202410000344001512,24,1,2,2,1,2,,2,27,2,2,26,11,1997,2,2,2,2,2,2,2,2,2,2,2,2,2,2,2,2,,,,,,,,,,,,,,,,,,,,,,,,,,,,,,,,,,2,5,2,2,6,,,1,1,1,4,2,,2,,2,,2,,2,,2,,2,,2,,2,,2,,2,,11,5,,2,2,2,2,2,2,10,7,4,,,,,,,,,,,,,1,,,
2025,01,00034,4,0015,1,3,202410000344001513,24,1,3,3,1,2,,2,2,,,,,,,,,,,,,,,,,,,,,,,,,,,,,,,,,,,,,,,,,,,,,,,,,,,,,,,,,,,,,,,,,,,,,,,,,,,,,,,,,,,,,,,,,,,,,,,,,,,,,,,,,,,,,,,,1,,,
2025,01,00034,4,0034,1,3,202410000344003411,24,1,1,1,1,2,,2,54,1,1,17,6,1970,1,,,,,,,,,,,,,,,,5212,4711,2,,2,2,1,1,10,8,10,10,10,10,9,67,,67,1,,2,,2,2,,,,,,,,,,,,,,,,,1,1,1,5,2,,2,,2,,2,,2,,2,,2,,2,,1,5,2,,2,,9,5,,2,2,2,2,2,2,10,6,1,,130,,,,,1200,,,1330,1330,1330,1,2,,21.5080478074852
2025,01,00034,4,0034,1,3,202410000344003412,24,1,2,3,1,1,,1,30,,,,,,,,,,,,,,,,,,,,,,,,,,,,,,,,,,,,,,,,,,,,,,,,,,,,,,,,,,,,,,,,,,,,,,,,,,,,,,,,,,,,,,,,,,,,,,,,,,,,,,,,,,,,,,,,0,,,
2025,01,00034,4,0035,1,3,202410000344003511,24,1,1,1,1,2,,1,60,1,1,14,2,1964,1,,,,,,,,,,,,,,,,8322,4922,2,,3,2,1,1,0,3,2,0,3,4,3,15,,24,2,24,1,1,1,2,,,,,,,,,,,,,,,,,1,1,1,4,2,,2,,2,,2,,2,,2,,2,,1,5,2,,2,,2,,10,3,,2,2,2,2,2,2,10,7,1,,,,,,,469,,,469,469,469,1,1,,23.139873434212525
2025,01,00034,4,0035,1,3,202410000344003512,24,1,2,2,1,2,,2,60,2,99,,,,,,,,,,,,,,,,,,,,,,,,,,,,,,,,,,,,,,,,,,,,,,,,,,,,,,,,,,,,,,,,,,,,,,,,,,,,,,,,,,,,,,,,,,,,,,,,,,,,,,,,,,,,,,1,,,
2025,01,00034,4,0035,1,3,202410000344003513,24,1,3,3,1,2,,1,25,3,3,26,10,1999,1,,,,,,,,,,,,,,,,3411,8411,3,2,,,5,9998,0,9,9,9,9,9,0,45,,45,1,,2,,2,2,4,1500,,,,,,,,,,,,,,,1,5,2,,2,,2,,2,,1,5,2,,2,,2,,2,,2,,2,,2,,11,6,,2,2,2,2,2,2,10,7,1,,,,,,1500,,,,1500,1500,1500,1,1,,38.15826433823125
2025,01,00034,4,0037,1,3,202410000344003711,24,1,1,1,1,2,,2,62,1,1,28,5,1962,2,2,2,2,2,2,2,2,2,2,2,2,2,2,2,2,,,,,,,,,,,,,,,,,,,,,,,,,,,,,,,,,,1,5,1,1,13,5,2,1,1,1,4,2,,2,,2,,2,,2,,2,,2,,1,5,2,,2,,2,,9,3,,2,2,2,2,2,2,10,7,2,,,,,,,,,,,,,1,,,21.5080478074852
2025,01,00034,4,0127,1,3,202410000344012711,24,1,1,1,1,2,,1,64,1,1,20,3,1960,1,,,,,,,,,,,,,,,,9412,5610,4,,3,2,1,2,0,9,8,9,8,8,9,51,,51,1,,2,,2,,,,,,,,,,,,,,,,,,1,5,2,,2,,2,,2,,1,5,2,,2,,2,,2,,2,,2,,2,,4,5,,2,2,2,2,2,2,10,5,1,,,,,,,,,,0,0,0,1,1,,
2025,01,00034,4,0127,1,3,202410000344012712,24,1,2,2,1,2,,2,58,2,2,4,7,1966,1,,,,,,,,,,,,,,,,9411,5610,2,,3,2,1,2,0,13,13,13,13,13,13,78,,78,1,,2,,2,2,,,,,,,,,,,,,,,,,1,5,2,,2,,2,,2,,1,5,2,,2,,2,,2,,2,,2,,2,,11,5,,2,2,2,2,2,2,10,6,1,,270,,,,,1740,,,2010,2010,2010,1,1,,
2025,01,00034,4,0136,1,3,202410000344013611,24,1,1,1,1,2,,1,75,1,1,22,9,1949,2,2,2,2,2,2,2,2,2,2,2,2,2,2,2,2,,,,,,,,,,,,,,,,,,,,,,,,,,,,,,,,,,2,6,1,1,1,,,1,1,1,3,2,,2,,2,,2,,2,,2,,2,,1,3,2,,2,,2,,11,5,,2,2,2,2,2,2,10,7,3,,,,,,,,,,,,,1,,,23.139873434212525
2025,01,00034,4,0136,1,3,202410000344013612,24,1,2,2,1,2,,2,71,2,2,13,12,1953,2,2,2,2,2,2,2,2,2,2,2,2,2,2,2,2,,,,,,,,,,,,,,,,,,,,,,,,,,,,,,,,,,2,5,2,2,3,,,2,1,1,4,2,,2,,2,,2,,2,,2,,2,,2,,2,,2,,2,,10,1,,2,2,2,2,2,2,10,5,4,,,,,,,,,,,,,1,,,21.5080478074852
2025,01,00038,8,0074,1,3,202401000388007411,24,1,1,1,1,2,,1,32,1,1,6,8,1992,1,,,,,,,,,,,,,,,,220,8423,3,1,,,5,9998,8,0,16,8,0,0,16,48,,48,1,,2,,2,2,4,3000,68,,,,,,,,,,,,,,1,4,2,,2,,2,,1,1,2,,2,,2,,2,,2,,2,,2,,1,1,9,3,,2,2,2,2,2,2,10,5,1,294,,,,83,3000,,,,3294,3294,3377,1,2,,8.1949515577075
2025,01,00038,8,0074,1,3,202401000388007412,24,1,2,2,1,2,,2,30,2,2,12,4,1994,2,2,2,2,2,2,2,2,2,2,2,2,2,2,2,2,,,,,,,,,,,,,,,,,,,,,,,,,,,,,,,,,,2,5,2,2,6,,,1,4,2,,2,,2,,1,4,2,,2,,2,,2,,2,,2,,2,,2,,9,3,,2,2,2,2,2,2,10,7,4,,,,,,,,,,,,,1,,,7.72062146500385
2025,01,00038,8,0074,1,3,202401000388007413,24,1,3,3,1,2,,1,10,,,,,,,,,,,,,,,,,,,,,,,,,,,,,,,,,,,,,,,,,,,,,,,,,,,,,,,,,,,,,,,,,,,,,,,,,,,,,,,,,,,,,,,,,,,,,,,,,,,,,,,,,,,,,,,,1,,,
2025,01,00038,8,0074,1,3,202401000388007414,24,1,4,3,1,2,,1,4,,,,,,,,,,,,,,,,,,,,,,,,,,,,,,,,,,,,,,,,,,,,,,,,,,,,,,,,,,,,,,,,,,,,,,,,,,,,,,,,,,,,,,,,,,,,,,,,,,,,,,,,,,,,,,,,1,,,
2025,01,00038,8,0074,1,3,202501000388007415,24,1,5,3,1,2,,2,0,,,,,,,,,,,,,,,,,,,,,,,,,,,,,,,,,,,,,,,,,,,,,,,,,,,,,,,,,,,,,,,,,,,,,,,,,,,,,,,,,,,,,,,,,,,,,,,,,,,,,,,,,,,,,,,,1,,,
2025,01,00038,8,0076,1,3,202401000388007611,24,1,1,1,1,2,,2,68,1,1,9,10,1956,2,2,2,2,2,2,2,2,2,2,2,2,2,2,2,2,,,,,,,,,,,,,,,,,,,,,,,,,,,,,,,,,,2,7,1,2,7,,,1,5,2,,2,,2,,2,,1,5,2,,2,,2,,2,,2,,2,,2,,6,5,,2,2,2,2,2,2,10,7,4,,,,,,,,,,,,,1,,,6.226253936376475
2025,01,00038,8,0078,1,3,202401000388007811,24,1,1,1,1,2,,1,42,1,1,13,4,1982,1,,,,,,,,,,,,,,,,8322,4922,2,,3,2,1,1,4,8,7,8,8,7,8,50,,50,1,,2,,2,2,,,,,,,,,,,,,,,,,1,5,2,,2,,2,,2,,1,5,2,,2,,2,,2,,2,,2,,2,,5,4,,2,2,2,2,2,2,10,5,1,,,,,,,1710,,,1710,1710,1710,1,1,,15.22528309211235
2025,01,00038,8,0078,1,3,202401000388007812,24,1,2,2,1,2,,2,36,2,2,22,2,1988,2,2,2,2,2,2,2,2,2,2,2,2,2,2,2,2,,,,,,,,,,,,,,,,,,,,,,,,,,,,,,,,,,2,5,2,2,6,,,1,5,2,,2,,2,,2,,1,5,2,,2,,2,,2,,2,,2,,2,,5,3,,2,2,2,2,2,2,10,7,4,,,,,,,,,,,,,1,,,7.57200887007805
2025,01,00038,8,0078,1,3,202401000388007813,24,1,3,3,1,2,,1,8,,,,,,,,,,,,,,,,,,,,,,,,,,,,,,,,,,,,,,,,,,,,,,,,,,,,,,,,,,,,,,,,,,,,,,,,,,,,,,,,,,,,,,,,,,,,,,,,,,,,,,,,,,,,,,,,1,,,
2025,01,00038,8,0078,1,3,202404000388007815,24,1,4,3,1,2,,2,0,,,,,,,,,,,,,,,,,,,,,,,,,,,,,,,,,,,,,,,,,,,,,,,,,,,,,,,,,,,,,,,,,,,,,,,,,,,,,,,,,,,,,,,,,,,,,,,,,,,,,,,,,,,,,,,,1,,,
2025,01,00038,8,0078,1,3,202401000388007814,24,1,5,6,1,2,,1,77,5,5,9,11,1947,1,,,,,,,,,,,,,,,,7342,1394,2,,3,2,1,1,0,0,0,3,0,0,0,3,,3,1,,1,1,1,2,,,,,,,,,,,,,,,,,1,5,2,,2,,2,,2,,1,5,2,,2,,2,,2,,2,,2,,2,,3,2,,2,2,2,2,2,2,10,6,1,,,,,,,197,,,197,197,197,1,1,,7.49685019347
2025,01,00038,8,0099,1,3,202401000388009917,24,1,1,1,1,2,,1,27,1,1,27,10,1997,1,,,,,,,,,,,,,,,,8321,4922,2,,3,2,1,1,5,11,12,12,11,12,5,68,,74,2,74,2,,2,2,,,,,,,,,,,,,,,,,1,5,2,,2,,2,,2,,1,5,2,,2,,2,,2,,2,,2,,2,,5,3,,2,2,2,2,2,2,10,5,1,,,,,,,1390,,,1390,1390,1390,1,1,,
2025,01,00038,8,0099,1,3,202401000388009918,24,1,2,2,1,2,,2,19,2,2,28,2,2005,2,2,2,2,2,2,2,2,2,2,2,2,2,2,2,2,,,,,,,,,,,,,,,,,,,,,,,,,,,,,,,,,,2,5,1,2,6,,,1,6,2,,2,,2,,2,,2,,2,,2,,2,,2,,2,,2,,2,,5,3,,2,2,2,2,2,2,10,6,4,,,,,,,,,,,,,1,,,
2025,01,00038,8,0099,1,3,202401000388009919,24,1,3,3,1,2,,2,4,,,,,,,,,,,,,,,,,,,,,,,,,,,,,,,,,,,,,,,,,,,,,,,,,,,,,,,,,,,,,,,,,,,,,,,,,,,,,,,,,,,,,,,,,,,,,,,,,,,,,,,,,,,,,,,,1,,,
2025,01,00038,8,0099,1,3,202501000388009914,24,1,4,3,1,2,,2,0,,,,,,,,,,,,,,,,,,,,,,,,,,,,,,,,,,,,,,,,,,,,,,,,,,,,,,,,,,,,,,,,,,,,,,,,,,,,,,,,,,,,,,,,,,,,,,,,,,,,,,,,,,,,,,,,1,,,
2025,01,00038,8,0099,1,3,2024010003880099110,24,1,5,8,1,2,,1,78,5,5,2,4,1946,2,2,2,2,2,2,2,2,2,2,2,2,2,2,2,2,,,,,,,,,,,,,,,,,,,,,,,,,,,,,,,,,,2,7,2,2,7,,,1,5,2,,2,,2,,2,,1,5,2,,2,,2,,2,,2,,2,,2,,3,1,,1,2,2,2,2,2,10,5,4,,,,,,,,,,,,,1,,,
2025,01,00038,8,0099,1,3,202401000388009911,24,1,6,98,,,,,,,,,,,,,,,,,,,,,,,,,,,,,,,,,,,,,,,,,,,,,,,,,,,,,,,,,,,,,,,,,,,,,,,,,,,,,,,,,,,,,,,,,,,,,,,,,,,,,,,,,,,,,,,,,,,,,9,,,
2025,01,00038,8,0099,1,3,202401000388009912,24,1,7,98,,,,,,,,,,,,,,,,,,,,,,,,,,,,,,,,,,,,,,,,,,,,,,,,,,,,,,,,,,,,,,,,,,,,,,,,,,,,,,,,,,,,,,,,,,,,,,,,,,,,,,,,,,,,,,,,,,,,,9,,,
2025,01,00038,8,0099,1,3,202401000388009913,24,1,8,98,,,,,,,,,,,,,,,,,,,,,,,,,,,,,,,,,,,,,,,,,,,,,,,,,,,,,,,,,,,,,,,,,,,,,,,,,,,,,,,,,,,,,,,,,,,,,,,,,,,,,,,,,,,,,,,,,,,,,9,,,
2025,01,00038,8,0099,1,3,202401000388009914,24,1,9,98,,,,,,,,,,,,,,,,,,,,,,,,,,,,,,,,,,,,,,,,,,,,,,,,,,,,,,,,,,,,,,,,,,,,,,,,,,,,,,,,,,,,,,,,,,,,,,,,,,,,,,,,,,,,,,,,,,,,,9,,,
2025,01,00038,11,0015,1,3,2025010003811001511,24,1,1,1,1,2,,2,50,1,1,25,9,1974,1,,,,,,,,,,,,,,,,9621,9499,3,5,1,,2,40,0,7,7,7,7,7,0,35,31,66,1,,1,1,1,2,4,1200,,,,,,400,250,,,,,,,,1,5,2,,2,,2,,2,,1,5,2,,2,,2,,2,,2,,2,,2,,9,5,,2,2,2,2,2,2,10,7,1,,,,250,,1200,,,400,1850,1200,1850,1,1,,4.619114966049525
2025,01,00038,11,0015,1,3,2025010003811001512,24,1,2,3,1,2,,2,17,2,2,7,10,2007,2,2,2,2,2,2,2,2,2,2,2,2,2,2,2,2,,,,,,,,,,,,,,,,,,,,,,,,,,,,,,,,,,2,4,2,2,5,,,2,5,2,,2,,2,,2,,1,5,2,,2,,2,,2,,2,,2,,2,,6,5,,2,2,2,2,2,2,10,7,4,,,,,,,,,,,,,1,,,6.705331510404575
2025,01,00038,11,0015,1,3,2025010003811001513,24,1,3,7,1,2,,1,35,3,3,20,8,1989,1,,,,,,,,,,,,,,,,9629,9609,2,,3,2,1,1,0,4,4,4,3,0,0,15,,22,2,22,1,1,1,1,,,,,,,,,,,,,,,,,1,5,2,,2,,2,,2,,1,5,2,,2,,2,,1,5,2,,2,,2,,10,3,,2,2,2,2,2,2,10,7,1,,,,,,,1465,,,1465,1465,1465,1,1,,8.1949515577075
2025,01,00038,11,0015,1,3,2025010003811001514,24,1,4,7,1,1,,1,38,,,,,,,,,,,,,,,,,,,,,,,,,,,,,,,,,,,,,,,,,,,,,,,,,,,,,,,,,,,,,,,,,,,,,,,,,,,,,,,,,,,,,,,,,,,,,,,,,,,,,,,,,,,,,,,,0,,,
2025,01,00038,11,0017,1,3,2025010003811001711,24,1,1,1,1,2,,1,44,1,1,15,9,1980,1,,,,,,,,,,,,,,,,9313,4100,3,5,3,2,1,2,0,0,8,8,8,0,0,24,,40,2,40,1,1,1,1,2,210,30,,,,,,,,,,,,,,1,5,2,,2,,2,,2,,1,5,2,,2,,2,,2,,1,5,2,,2,,5,4,,2,2,2,2,2,2,10,7,1,130,,,,,909,,,,1039,1039,1039,1,1,,15.22528309211235
2025,01,00038,11,0017,1,3,2025010003811001712,24,1,2,2,1,2,,2,34,2,2,14,5,1990,2,2,2,2,2,2,2,2,2,2,2,2,2,2,2,2,,,,,,,,,,,,,,,,,,,,,,,,,,,,,,,,,,2,5,1,2,6,,,1,5,2,,2,,2,,2,,1,5,2,,2,,2,,2,,2,,2,,2,,6,5,,2,2,2,2,2,2,10,7,4,,,,,,,,,,,,,1,,,7.57200887007805
2025,01,00038,11,0017,1,3,2025010003811001713,24,1,3,3,1,2,,2,8,,,,,,,,,,,,,,,,,,,,,,,,,,,,,,,,,,,,,,,,,,,,,,,,,,,,,,,,,,,,,,,,,,,,,,,,,,,,,,,,,,,,,,,,,,,,,,,,,,,,,,,,,,,,,,,,1,,,
2025,01,00038,11,0017,1,3,2025010003811001714,24,1,4,3,1,2,,2,0,,,,,,,,,,,,,,,,,,,,,,,,,,,,,,,,,,,,,,,,,,,,,,,,,,,,,,,,,,,,,,,,,,,,,,,,,,,,,,,,,,,,,,,,,,,,,,,,,,,,,,,,,,,,,,,,1,,,
2025,01,00038,11,0045,1,3,2025010003811004511,24,1,1,1,1,2,,1,33,1,1,16,10,1991,1,,,,,,,,,,,,,,,,7354,1410,3,5,2,2,1,2,0,8,8,8,0,0,0,24,22,50,2,50,1,1,1,2,2,120,30,,,,,450,,,,,,,,,1,5,2,,2,,2,,2,,1,5,2,,2,,2,,2,,2,,2,,2,,6,5,,2,2,2,2,2,2,10,6,1,130,,,,17,520,,,450,1100,650,1117,1,1,,
2025,01,00038,11,0045,1,3,2025010003811004512,24,1,2,2,1,2,,2,31,2,2,24,9,1993,1,,,,,,,,,,,,,,,,7354,1410,3,5,2,2,1,3,0,4,5,4,4,4,5,26,,26,1,,1,1,1,2,2,210,30,,,,,,,,,,,,,,1,5,2,,2,,2,,2,,1,5,2,,2,,2,,2,,2,,2,,2,,10,1,,2,2,2,2,2,2,10,7,1,130,,,,20,909,,,,1039,1039,1059,1,1,,
2025,01,00038,11,0045,1,3,2025010003811004513,24,1,3,3,1,2,,1,9,,,,,,,,,,,,,,,,,,,,,,,,,,,,,,,,,,,,,,,,,,,,,,,,,,,,,,,,,,,,,,,,,,,,,,,,,,,,,,,,,,,,,,,,,,,,,,,,,,,,,,,,,,,,,,,,1,,,
2025,01,00038,11,0046,1,3,2025010003811004611,24,1,1,1,1,2,,1,43,1,1,8,11,1981,1,,,,,,,,,,,,,,,,9333,4630,3,5,2,2,1,6,0,6,6,2,6,6,6,32,,54,2,54,1,1,1,2,2,210,54,,,,,,,,,,,,,,1,6,2,,2,,2,,2,,2,,2,,2,,2,,2,,2,,2,,2,,4,,6,2,2,2,2,2,2,10,5,1,234,,,,,909,,,,1143,1143,1143,1,1,,
2025,01,00038,11,0046,1,3,2025010003811004612,24,1,2,2,1,2,,2,35,2,2,8,4,1989,1,,,,,,,,,,,,,,,,9112,4922,3,5,1,,1,7,0,10,10,10,10,10,10,60,,60,1,,1,1,1,2,2,240,,,,,,,,,,,,,,,1,6,2,,2,,2,,2,,2,,2,,2,,2,,2,,2,,2,,2,,6,5,,2,2,2,2,2,2,10,7,1,,,,,,1039,,,,1039,1039,1039,1,1,,
2025,01,00038,11,0046,1,3,2025010003811004613,24,1,3,3,1,2,,1,15,3,3,26,9,2009,2,2,2,2,2,2,2,2,2,2,2,2,2,2,2,2,,,,,,,,,,,,,,,,,,,,,,,,,,,,,,,,,,2,4,2,2,3,,,1,6,2,,2,,2,,2,,2,,2,,2,,2,,2,,2,,2,,2,,5,3,,2,2,2,2,2,2,10,7,4,,,,,,,,,,,,,1,,,
2025,01,00038,11,0046,1,3,2025010003811004614,24,1,4,3,1,2,,2,11,,,,,,,,,,,,,,,,,,,,,,,,,,,,,,,,,,,,,,,,,,,,,,,,,,,,,,,,,,,,,,,,,,,,,,,,,,,,,,,,,,,,,,,,,,,,,,,,,,,,,,,,,,,,,,,,1,,,
2025,01,00040,5,0081,1,3,202310000405008111,24,1,1,1,1,2,,1,83,1,1,8,1,1942,2,2,2,2,2,2,2,2,2,2,2,2,2,2,2,2,,,,,,,,,,,,,,,,,,,,,,,,,,,,,,,,,,2,6,2,2,3,,,1,1,1,3,2,,2,,2,,2,,2,,2,,2,,1,3,2,,2,,2,,9,3,,1,2,2,2,2,2,10,7,4,,,,,,,,,,,,,1,,,8.4983917216281
2025,01,00040,5,0081,1,3,202310000405008112,24,1,2,2,1,2,,2,84,2,2,27,10,1940,2,2,2,2,2,2,2,2,2,2,2,2,2,2,2,2,,,,,,,,,,,,,,,,,,,,,,,,,,,,,,,,,,2,7,2,2,7,,,1,1,1,3,2,,2,,2,,2,,2,,2,,2,,2,,1,3,2,,2,,9,3,,2,2,1,2,1,2,10,7,4,,,,,,,,,,,,,1,,,7.89908449392235
2025,01,00040,5,0081,1,3,202501000405008113,24,1,3,4,2,,2,2,51,,,,,,,,,,,,,,,,,,,,,,,,,,,,,,,,,,,,,,,,,,,,,,,,,,,,,,,,,,,,,,,,,,,,,,,,,,,,,,,,,,,,,,,,,,,,,,,,,,,,,,,,,,,,,,,,0,,,
2025,01,00040,5,0083,1,3,202310000405008311,24,1,1,1,1,2,,2,78,1,1,2,11,1946,2,2,2,2,2,2,2,2,2,2,2,2,2,2,2,2,,,,,,,,,,,,,,,,,,,,,,,,,,,,,,,,,,2,6,2,2,3,,,1,1,1,3,2,,2,,2,,2,,2,,2,,2,,2,,1,3,2,,2,,9,5,,2,2,2,2,2,2,10,8,4,,,,,,,,,,,,,1,,,7.89908449392235
2025,01,00040,5,0083,1,3,202310000405008312,24,1,2,7,1,2,,1,75,2,2,12,5,1949,1,,,,,,,,,,,,,,,,9211,122,3,5,3,2,1,3,0,0,0,5,6,0,0,11,,48,2,48,2,,2,2,2,100,,,,,,,,,,,,,,,2,5,2,,2,,2,,2,,1,5,2,,2,,2,,2,,2,,2,,2,,3,3,,2,2,2,2,2,2,10,7,1,,,,,,433,,,,433,433,433,1,1,,12.82025962803515
2025,01,00040,5,0083,1,3,202310000405008313,24,1,3,7,1,2,,1,68,3,3,2,6,1956,2,2,2,2,2,2,2,2,2,2,2,2,2,2,2,2,,,,,,,,,,,,,,,,,,,,,,,,,,,,,,,,,,2,6,2,2,3,,,1,1,1,3,2,,2,,2,,2,,2,,2,,2,,1,3,2,,2,,2,,9,5,,2,2,2,2,2,2,10,7,4,,,,,,,,,,,,,1,,,8.4983917216281
2025,01,00040,5,0083,1,3,202310000405008314,24,1,4,7,1,2,,2,57,4,4,3,11,1967,1,,,,,,,,,,,,,,,,9112,8121,2,,3,2,1,1,0,0,0,0,0,0,14,14,,14,1,,1,2,2,1,,,,,,,,,,,,,,,,,1,5,2,,2,,2,,2,,1,5,2,,2,,2,,2,,2,,2,,2,,5,2,,2,2,2,2,2,2,10,8,1,,,,,,,413,,,413,413,413,1,1,,10.647430576103774
2025,01,00040,5,0083,1,3,202401000405008315,24,1,5,8,1,2,,2,18,5,5,13,11,2006,1,,,,,,,,,,,,,,,,5211,4641,3,5,2,2,1,4,0,0,0,10,10,10,0,30,,30,1,,2,,2,2,2,100,,,,,,,,,,,,,,,2,5,2,,2,,2,,2,,1,5,2,,2,,2,,2,,2,,2,,2,,6,5,,2,2,2,2,2,2,10,6,1,,,,,,433,,,,433,433,433,1,1,,11.46669449661795
2025,01,00040,5,0083,1,3,202310000405008315,24,1,6,8,1,2,,2,24,6,6,4,2,2000,2,2,2,2,2,2,2,2,2,2,2,2,2,2,2,2,,,,,,,,,,,,,,,,,,,,,,,,,,,,,,,,,,2,5,2,2,6,,,1,5,2,,2,,2,,2,,1,5,2,,2,,2,,1,5,2,,2,,2,,8,1,,2,2,2,2,2,2,10,8,4,,,,,,,,,,,,,1,,,14.18010847658535
2025,01,00040,5,0083,1,3,202310000405008319,24,1,7,11,1,2,,1,39,7,7,9,5,1985,1,,,,,,,,,,,,,,,,5211,4649,3,5,2,1,1,5,0,8,8,8,8,8,8,48,,48,1,,2,,2,2,4,1200,,,,,,,,,,,,,,,1,1,1,1,2,,2,,2,,2,,2,,2,,2,,1,1,2,,2,,2,,6,5,,2,2,2,2,2,2,10,7,1,,,,,54,1200,,,,1200,1200,1254,1,2,,26.0365456310215
2025,01,00040,5,0083,1,3,202310000405008316,24,1,8,11,1,2,,2,9,,,,,,,,,,,,,,,,,,,,,,,,,,,,,,,,,,,,,,,,,,,,,,,,,,,,,,,,,,,,,,,,,,,,,,,,,,,,,,,,,,,,,,,,,,,,,,,,,,,,,,,,,,,,,,,,1,,,
2025,01,00040,5,0083,1,3,202310000405008317,24,1,9,11,1,2,,1,4,,,,,,,,,,,,,,,,,,,,,,,,,,,,,,,,,,,,,,,,,,,,,,,,,,,,,,,,,,,,,,,,,,,,,,,,,,,,,,,,,,,,,,,,,,,,,,,,,,,,,,,,,,,,,,,,1,,,
2025,01,00040,5,0083,1,3,202310000405008318,24,1,10,11,1,2,,1,1,,,,,,,,,,,,,,,,,,,,,,,,,,,,,,,,,,,,,,,,,,,,,,,,,,,,,,,,,,,,,,,,,,,,,,,,,,,,,,,,,,,,,,,,,,,,,,,,,,,,,,,,,,,,,,,,1,,,
2025,01,00040,5,0084,1,3,202310000405008411,24,1,1,1,1,2,,1,85,1,1,1,11,1939,2,2,2,2,2,2,2,2,2,2,2,2,2,2,2,2,,,,,,,,,,,,,,,,,,,,,,,,,,,,,,,,,,2,7,1,2,7,,,1,5,2,,2,,2,,2,,1,5,2,,2,,2,,2,,2,,2,,2,,3,4,,1,2,2,2,2,2,10,8,4,,,,,,,,,,,,,1,,,12.82025962803515
2025,01,00040,5,0084,1,3,202310000405008412,24,1,2,2,1,2,,2,78,2,2,29,7,1946,2,2,2,2,2,2,2,2,2,2,2,2,2,2,2,2,,,,,,,,,,,,,,,,,,,,,,,,,,,,,,,,,,2,5,2,2,3,,,1,1,1,4,2,,2,,2,,2,,2,,2,,2,,2,,2,,2,,2,,3,0,,2,2,2,2,2,2,10,7,4,,,,,,,,,,,,,1,,,11.549852506538125
2025,01,00040,5,0084,1,3,202310000405008413,24,1,3,3,1,2,,1,44,3,3,26,9,1980,1,,,,,,,,,,,,,,,,9211,122,3,5,3,2,1,2,0,0,0,0,6,0,0,6,,24,2,24,2,,2,2,2,60,,,,,,,,,,,,,,,1,5,2,,2,,2,,2,,1,5,2,,2,,2,,2,,2,,2,,2,,4,,6,2,2,2,2,2,2,10,7,1,,,,,,260,,,,260,260,260,1,1,,25.2275398975055
2025,01,00040,5,0084,1,3,202310000405008418,24,1,4,11,1,2,,1,72,4,4,24,7,1952,1,,,,,,,,,,,,,,,,9211,122,3,5,3,2,1,5,0,0,0,7,7,0,0,14,,49,2,49,1,1,1,2,2,100,,,,,,,,,,,,,,,1,5,2,,2,,2,,2,,1,5,2,,2,,2,,2,,2,,2,,2,,4,5,,2,2,2,2,2,2,10,5,1,,,,,,433,,,,433,433,433,1,1,,12.82025962803515
2025,01,00040,5,0084,1,3,202501000405008415,24,1,5,5,1,2,,1,33,5,5,15,6,1991,1,,,,,,,,,,,,,,,,8322,4922,2,,3,2,1,1,0,9,8,9,8,9,8,51,,51,1,,2,,2,2,,,,,,,,,,,,,,,,,1,1,1,5,2,,2,,2,,2,,2,,2,,2,,1,5,2,,2,,2,,6,5,,2,2,2,2,2,2,10,6,1,,,,,,,2250,,,2250,2250,2250,1,1,,26.0365456310215
2025,01,00040,5,0085,1,3,202310000405008511,24,1,1,1,1,2,,2,78,1,1,10,5,1946,2,2,2,2,2,2,2,2,2,2,2,2,2,2,2,2,,,,,,,,,,,,,,,,,,,,,,,,,,,,,,,,,,2,6,2,2,3,,,1,1,1,3,2,,2,,2,,2,,2,,2,,2,,2,,1,3,2,,2,,9,5,,2,2,2,2,2,2,10,7,4,,,,,,,,,,,,,1,,,7.89908449392235
2025,01,00040,5,0180,1,3,202401000405018011,24,1,1,1,1,2,,2,37,1,1,11,11,1987,1,,,,,,,,,,,,,,,,5131,5610,3,5,2,2,1,3,7,7,7,7,7,7,7,49,,49,1,,2,,2,2,1,40,10,,,,,,,,,,,,,,1,5,2,,2,,2,,2,,1,5,2,,2,,2,,2,,2,,2,,2,,6,5,,2,2,2,2,2,2,10,5,1,300,,,,,1200,,,,1500,1500,1500,1,1,,
2025,01,00040,5,0180,1,3,202401000405018012,24,1,2,3,1,2,,1,16,2,2,24,10,2008,2,2,2,2,2,2,2,2,2,2,2,2,2,2,2,2,,,,,,,,,,,,,,,,,,,,,,,,,,,,,,,,,,2,4,2,2,5,,,2,6,2,,2,,2,,2,,2,,2,,2,,2,,2,,2,,2,,2,,5,4,,2,2,2,2,2,2,10,7,4,,,,,,,,,,,,,1,,,
2025,01,00040,5,0180,1,3,202401000405018013,24,1,3,3,1,2,,2,14,3,3,24,12,2010,2,2,2,2,2,2,2,2,2,2,2,2,2,2,2,2,,,,,,,,,,,,,,,,,,,,,,,,,,,,,,,,,,2,4,2,2,5,,,2,5,2,,2,,2,,2,,1,5,2,,2,,2,,2,,2,,2,,2,,5,2,,2,2,2,2,2,2,10,5,4,,,,,,,,,,,,,1,,,
2025,01,00041,9,0094,1,3,202401000419009411,24,1,1,1,1,2,,1,74,1,1,1,8,1950,2,2,2,2,2,2,2,2,2,2,2,2,2,2,2,2,,,,,,,,,,,,,,,,,,,,,,,,,,,,,,,,,,2,7,1,2,7,,,1,1,1,3,2,,2,,2,,2,,2,,2,,2,,2,,1,3,2,,2,,6,5,,2,2,2,2,2,2,10,7,4,,,,,,,,,,,,,1,,,6.527633575501975
2025,01,00041,9,0094,1,3,202401000419009412,24,1,2,3,1,2,,1,31,2,2,1,7,1993,1,,,,,,,,,,,,,,,,4321,4711,3,5,1,,4,380,4,4,4,4,0,4,4,24,,24,1,,2,,2,2,4,850,50,,,,,,,,,,,,,,1,1,1,1,2,,2,,2,,2,,2,,2,,2,,1,1,2,,2,,2,,10,4,,2,2,2,2,2,2,10,7,1,50,,,,70,850,,,,900,900,970,1,2,,6.848092521438825
2025,01,00041,9,0094,1,3,202401000419009413,24,1,3,3,1,2,,2,37,3,3,23,1,1987,2,2,2,2,2,2,2,2,2,2,2,2,2,2,2,2,,,,,,,,,,,,,,,,,,,,,,,,,,,,,,,,,,1,8,1,1,13,2,4,1,5,2,,2,,2,,2,,1,5,2,,2,,2,,2,,2,,2,,2,,9,3,,2,2,2,2,2,2,10,7,2,,,,,,,,,,,,,1,,,6.451719664605725
2025,01,00041,9,0094,1,3,202401000419009414,24,1,4,5,1,2,,1,15,4,4,4,1,2010,2,2,2,2,2,2,2,2,2,2,2,2,2,2,2,2,,,,,,,,,,,,,,,,,,,,,,,,,,,,,,,,,,2,8,2,2,3,,,2,5,2,,2,,2,,2,,1,5,2,,2,,2,,2,,2,,2,,2,,5,3,,2,2,2,2,2,2,10,7,4,,,,,,,,,,,,,1,,,7.3873222684124
2025,01,00041,9,0095,1,3,202401000419009511,24,1,1,1,1,2,,1,80,1,1,8,10,1944,2,2,2,2,2,2,2,2,2,2,2,2,2,2,2,2,,,,,,,,,,,,,,,,,,,,,,,,,,,,,,,,,,1,8,1,1,13,1,4,1,5,2,,2,,2,,2,,1,5,2,,2,,2,,1,5,2,,2,,2,,4,5,,2,2,2,2,2,2,10,7,2,,,,,,,,,,,,,1,,,6.264725713474625
2025,01,00041,9,0095,1,3,202401000419009515,24,1,2,3,1,2,,1,29,2,2,8,5,1995,1,,,,,,,,,,,,,,,,9622,7120,3,5,1,,2,50,0,0,0,0,0,0,3,3,,3,1,,1,1,1,2,2,50,,,,,,,,,,,,,,,1,5,2,,2,,2,,2,,1,5,2,,2,,2,,2,,2,,2,,2,,6,5,,2,2,2,2,2,2,10,7,1,,,,,,217,,,,217,217,217,1,1,,12.72297298473
2025,01,00041,9,0095,1,3,202401000419009512,24,1,3,3,1,2,,2,37,3,3,5,4,1987,2,2,2,2,2,2,2,2,2,2,2,2,2,2,2,2,,,,,,,,,,,,,,,,,,,,,,,,,,,,,,,,,,2,5,1,2,6,,,1,5,2,,2,,2,,2,,1,5,2,,2,,2,,2,,2,,2,,2,,6,5,,2,2,2,2,2,2,10,7,4,,,,,,,,,,,,,1,,,6.327531889640075
2025,01,00041,9,0095,1,3,202401000419009513,24,1,4,5,1,2,,1,5,,,,,,,,,,,,,,,,,,,,,,,,,,,,,,,,,,,,,,,,,,,,,,,,,,,,,,,,,,,,,,,,,,,,,,,,,,,,,,,,,,,,,,,,,,,,,,,,,,,,,,,,,,,,,,,,1,,,
2025,01,00041,9,0095,1,3,202401000419009514,24,1,5,5,1,2,,1,1,,,,,,,,,,,,,,,,,,,,,,,,,,,,,,,,,,,,,,,,,,,,,,,,,,,,,,,,,,,,,,,,,,,,,,,,,,,,,,,,,,,,,,,,,,,,,,,,,,,,,,,,,,,,,,,,1,,,
2025,01,00041,9,0095,2,3,202401000419009521,24,1,1,1,1,2,,1,44,1,1,2,8,1980,1,,,,,,,,,,,,,,,,8322,4922,2,,3,2,1,1,0,9,9,10,9,10,9,56,,56,1,,2,,2,2,,,,,,,,,,,,,,,,,1,5,2,,2,,2,,2,,1,5,2,,2,,2,,2,,2,,2,,2,,6,5,,2,2,2,2,2,2,10,7,1,,,,,,,1086,,,1086,1086,1086,1,1,,12.72297298473
2025,01,00041,9,0095,2,3,202401000419009522,24,1,2,2,1,2,,2,36,2,2,15,9,1988,2,2,2,2,2,2,2,2,2,2,2,2,2,2,2,2,,,,,,,,,,,,,,,,,,,,,,,,,,,,,,,,,,2,5,1,1,6,,,1,5,2,,2,,2,,2,,1,5,2,,2,,2,,2,,2,,2,,2,,6,5,,2,2,2,2,2,2,10,7,4,,,,,,,,,,,,,1,,,6.327531889640075
2025,01,00041,9,0095,2,3,202401000419009523,24,1,3,3,1,2,,2,10,,,,,,,,,,,,,,,,,,,,,,,,,,,,,,,,,,,,,,,,,,,,,,,,,,,,,,,,,,,,,,,,,,,,,,,,,,,,,,,,,,,,,,,,,,,,,,,,,,,,,,,,,,,,,,,,1,,,
2025,01,00041,9,0096,1,3,202401000419009611,24,1,1,1,1,2,,1,41,1,1,23,4,1983,1,,,,,,,,,,,,,,,,5112,8411,3,2,,,5,9998,0,8,8,8,8,8,8,48,,48,1,,2,,2,2,4,1370,,,,,,,,,,,,,,,1,1,1,1,2,,2,,2,,2,,2,,2,,2,,1,1,2,,2,,2,,8,1,,2,2,2,2,2,2,10,5,1,,,,,253,1370,,,,1370,1370,1623,1,2,,6.848092521438825
2025,01,00041,9,0096,1,3,202401000419009612,24,1,2,2,1,2,,2,33,2,2,27,3,1991,1,,,,,,,,,,,,,,,,3212,8690,3,5,1,,1,2,0,8,8,8,8,8,8,48,,48,1,,2,,2,2,4,1150,,,,,,,,,,,,,,,1,1,1,1,2,,2,,2,,2,,2,,2,,2,,1,1,2,,2,,2,,9,3,,2,2,2,2,2,2,10,5,1,,,,,84,1150,,,,1150,1150,1234,1,2,,6.451719664605725
2025,01,00041,9,0096,1,3,202401000419009613,24,1,3,3,1,2,,2,2,,,,,,,,,,,,,,,,,,,,,,,,,,,,,,,,,,,,,,,,,,,,,,,,,,,,,,,,,,,,,,,,,,,,,,,,,,,,,,,,,,,,,,,,,,,,,,,,,,,,,,,,,,,,,,,,1,,,
2025,01,00041,9,0097,1,3,202401000419009711,24,1,1,1,1,2,,2,82,1,1,27,5,1942,2,2,2,2,2,2,2,2,2,2,2,2,2,2,2,2,,,,,,,,,,,,,,,,,,,,,,,,,,,,,,,,,,2,5,2,2,3,,,1,1,1,4,2,,2,,2,,2,,2,,2,,2,,2,,1,4,2,,2,,3,2,,2,2,2,2,2,2,10,8,4,,,,,,,,,,,,,1,,,5.6439307848587
2025,01,00041,9,0097,1,3,202401000419009712,24,1,2,3,1,2,,1,47,2,2,7,2,1977,1,,,,,,,,,,,,,,,,9211,112,3,5,3,2,1,3,0,0,7,0,7,7,0,21,,48,2,48,1,1,1,2,2,150,,,,,,,,,,,,,,,1,5,2,,2,,2,,2,,1,5,2,,2,,2,,2,,2,,2,,2,,5,2,,2,2,2,2,2,2,10,6,1,,,,,,650,,,,650,650,650,1,1,,6.527633575501975
2025,01,00041,9,0097,1,3,202401000419009713,24,1,3,3,1,2,,1,50,3,3,28,1,1974,2,2,2,2,2,2,2,2,2,2,2,2,2,2,2,2,,,,,,,,,,,,,,,,,,,,,,,,,,,,,,,,,,1,8,1,1,13,1,8,1,5,2,,2,,2,,2,,1,5,2,,2,,2,,2,,2,,2,,2,,3,,3,2,1,2,2,2,2,10,7,2,,,,,,,,,,,,,1,,,6.264725713474625
2025,01,00041,9,0115,1,3,202401000419011511,24,1,1,1,1,2,,2,43,1,99,,,,,,,,,,,,,,,,,,,,,,,,,,,,,,,,,,,,,,,,,,,,,,,,,,,,,,,,,,,,,,,,,,,,,,,,,,,,,,,,,,,,,,,,,,,,,,,,,,,,,,,,,,,,,,1,,,
2025,01,00041,9,0115,1,3,202404000419011512,24,1,2,2,1,2,,1,30,2,2,22,11,1994,1,,,,,,,,,,,,,,,,7231,4540,2,,3,2,1,1,0,9,8,6,9,9,8,49,3,52,1,,1,1,1,2,,,,,,200,,,,,,,,,,,1,6,2,,2,,2,,2,,2,,2,,2,,2,,2,,2,,2,,2,,6,5,,2,2,2,2,2,2,10,5,1,,,,,,,1289,200,,1489,1289,1489,1,1,,
2025,01,00041,9,0115,1,3,202401000419011512,24,1,3,3,1,2,,2,17,3,3,20,2,2007,2,2,2,2,2,2,2,2,2,2,2,2,2,2,2,2,,,,,,,,,,,,,,,,,,,,,,,,,,,,,,,,,,2,5,2,2,3,,,1,5,2,,2,,2,,2,,1,5,2,,2,,2,,2,,2,,2,,2,,6,5,,2,2,2,2,2,2,10,7,4,,,,,,,,,,,,,1,,,
2025,01,00041,10,0026,1,3,2024010004110002611,24,1,1,1,1,2,,2,84,1,1,8,5,1940,2,2,2,2,2,2,2,2,2,2,2,2,2,2,2,2,,,,,,,,,,,,,,,,,,,,,,,,,,,,,,,,,,2,8,2,2,3,,,1,1,1,4,2,,2,,2,,2,,2,,2,,2,,2,,2,,2,,2,,4,5,,1,2,2,2,2,2,10,6,4,,,,,,,,,,,,,1,,,5.6439307848587
2025,01,00041,10,0026,1,3,2024010004110002612,24,1,2,98,,,,,,,,,,,,,,,,,,,,,,,,,,,,,,,,,,,,,,,,,,,,,,,,,,,,,,,,,,,,,,,,,,,,,,,,,,,,,,,,,,,,,,,,,,,,,,,,,,,,,,,,,,,,,,,,,,,,,9,,,
2025,01,00041,10,0026,1,3,2024010004110002613,24,1,3,98,,,,,,,,,,,,,,,,,,,,,,,,,,,,,,,,,,,,,,,,,,,,,,,,,,,,,,,,,,,,,,,,,,,,,,,,,,,,,,,,,,,,,,,,,,,,,,,,,,,,,,,,,,,,,,,,,,,,,9,,,
2025,01,00041,10,0027,1,3,2025010004110002711,24,1,1,1,1,2,,1,33,1,1,8,8,1991,1,,,,,,,,,,,,,,,,5120,8423,3,2,,,5,9998,0,8,8,8,8,8,8,48,,48,1,,2,,2,2,4,1500,120,,,,,,,,,,,,,,1,1,1,1,2,,2,,2,,2,,2,,2,,2,,1,1,2,,2,,2,,9,3,,2,2,2,2,2,2,10,5,1,520,,,,50,1500,,,,2020,2020,2070,1,2,,6.848092521438825
2025,01,00041,10,0028,1,3,2024040004110002811,24,1,1,1,1,2,,1,25,1,1,17,11,1999,1,,,,,,,,,,,,,,,,8321,4922,2,,3,2,1,1,7,7,7,7,6,7,6,47,,47,1,,2,,2,2,,,,,,,,,,,,,,,,,1,5,2,,2,,2,,2,,1,5,2,,2,,2,,2,,2,,2,,2,,5,3,,2,2,2,2,2,2,10,8,1,,,,,,,900,,,900,900,900,1,1,,12.72297298473
2025,01,00041,10,0028,1,3,2025010004110002812,24,1,2,2,1,2,,2,22,2,2,30,6,2002,2,2,2,2,2,2,2,2,2,2,2,2,2,2,2,2,,,,,,,,,,,,,,,,,,,,,,,,,,,,,,,,,,2,5,2,2,6,,,1,5,2,,2,,2,,2,,1,5,2,,2,,2,,2,,2,,2,,2,,5,4,,2,2,2,2,2,2,10,5,4,,,,,,,,,,,,,1,,,5.6032949367446
2025,01,00041,10,0028,1,3,2025010004110002814,24,1,3,3,1,2,,1,5,,,,,,,,,,,,,,,,,,,,,,,,,,,,,,,,,,,,,,,,,,,,,,,,,,,,,,,,,,,,,,,,,,,,,,,,,,,,,,,,,,,,,,,,,,,,,,,,,,,,,,,,,,,,,,,,1,,,
2025,01,00041,10,0028,1,3,2025010004110002813,24,1,4,11,1,2,,1,20,4,4,13,5,2004,1,,,,,,,,,,,,,,,,8321,4922,2,,3,2,1,1,7,8,8,7,9,9,7,55,,55,1,,2,,2,2,,,,,,,,,,,,,,,,,1,5,2,,2,,2,,2,,1,5,2,,2,,2,,2,,2,,2,,2,,6,5,,2,2,2,2,2,2,10,5,1,,,,,,,950,,,950,950,950,1,1,,7.3873222684124
2025,01,00041,10,0029,1,3,2024010004110002911,24,1,1,1,1,2,,1,43,1,1,24,5,1981,1,,,,,,,,,,,,,,,,3113,311,3,5,1,,5,600,0,8,8,8,8,8,8,48,,48,1,,2,,2,2,3,960,8,,,,,,,,,,,,,,1,1,1,1,2,,2,,2,,2,,2,,2,,2,,1,1,2,,2,,2,,9,3,,2,2,2,2,2,2,10,5,1,240,,,,350,1920,,,,2160,2160,2510,1,2,,6.848092521438825
2025,01,00041,10,0029,1,3,2024010004110002912,24,1,2,2,1,2,,2,39,2,2,14,7,1985,1,,,,,,,,,,,,,,,,9112,8530,3,2,,,5,9989,0,8,8,8,8,8,0,40,,40,1,,2,,2,2,4,1300,,,,,,,,,,,,,,,1,1,1,1,2,,2,,2,,2,,2,,2,,2,,1,1,2,,2,,2,,9,3,,2,2,2,2,2,2,10,5,1,,,,,83,1300,,,,1300,1300,1383,1,2,,6.451719664605725
2025,01,00041,10,0029,1,3,2024010004110002913,24,1,3,3,1,2,,1,18,3,3,20,11,2006,2,2,2,2,2,2,2,2,2,2,2,2,2,2,2,2,,,,,,,,,,,,,,,,,,,,,,,,,,,,,,,,,,2,4,2,2,5,,,1,5,2,,2,,2,,2,,1,5,2,,2,,2,,2,,2,,2,,2,,10,1,,2,2,2,2,2,2,10,5,4,,,,,,,,,,,,,1,,,5.117980878517725
2025,01,00041,10,0029,1,3,2024010004110002914,24,1,4,3,1,2,,2,10,,,,,,,,,,,,,,,,,,,,,,,,,,,,,,,,,,,,,,,,,,,,,,,,,,,,,,,,,,,,,,,,,,,,,,,,,,,,,,,,,,,,,,,,,,,,,,,,,,,,,,,,,,,,,,,,1,,,
2025,01,00041,12,0032,1,3,2025010004112003211,24,1,1,1,1,2,,1,83,1,1,14,5,1941,2,2,2,2,2,2,2,2,2,2,2,2,2,2,2,2,,,,,,,,,,,,,,,,,,,,,,,,,,,,,,,,,,2,8,1,1,3,,,1,5,2,,2,,2,,2,,1,5,2,,2,,2,,2,,2,,2,,2,,3,2,,2,2,2,2,2,2,10,5,4,,,,,,,,,,,,,1,,,6.264725713474625
2025,01,00041,12,0033,1,3,2025010004112003311,24,1,1,1,1,2,,2,60,1,1,26,6,1964,1,,,,,,,,,,,,,,,,5212,4721,3,5,3,2,1,2,0,10,10,10,10,10,10,60,,60,1,,2,,2,2,2,180,111,,,,,,,,,,,,,,1,6,2,,2,,2,,2,,2,,2,,2,,2,,2,,2,,2,,2,,11,5,,2,2,2,2,2,2,10,5,1,481,,,,,779,,,,1260,1260,1260,1,1,,3.85995285413485
2025,01,00041,12,0033,1,3,2025010004112003312,24,1,2,3,1,2,,2,31,2,2,28,6,1993,1,,,,,,,,,,,,,,,,5131,5610,3,5,3,2,1,5,9,9,9,9,9,9,9,63,,63,1,,2,,2,2,1,30,91,,,,,,,,,,,,,,1,5,2,,2,,2,,2,,1,5,2,,2,,2,,2,,2,,2,,2,,6,5,,2,2,2,2,2,2,10,5,1,394,,,,,900,,,,1294,1294,1294,1,1,,6.327531889640075
2025,01,00041,12,0033,1,3,2025010004112003313,24,1,3,5,1,2,,2,13,,,,,,,,,,,,,,,,,,,,,,,,,,,,,,,,,,,,,,,,,,,,,,,,,,,,,,,,,,,,,,,,,,,,,,,,,,,,,,,,,,,,,,,,,,,,,,,,,,,,,,,,,,,,,,,,1,,,
2025,01,00041,12,0033,1,3,2025010004112003314,24,1,4,5,1,2,,2,9,,,,,,,,,,,,,,,,,,,,,,,,,,,,,,,,,,,,,,,,,,,,,,,,,,,,,,,,,,,,,,,,,,,,,,,,,,,,,,,,,,,,,,,,,,,,,,,,,,,,,,,,,,,,,,,,1,,,
2025,01,00041,12,0033,1,3,2025010004112003315,24,1,5,5,1,2,,1,8,,,,,,,,,,,,,,,,,,,,,,,,,,,,,,,,,,,,,,,,,,,,,,,,,,,,,,,,,,,,,,,,,,,,,,,,,,,,,,,,,,,,,,,,,,,,,,,,,,,,,,,,,,,,,,,,1,,,
2025,01,00041,12,0034,1,3,2025010004112003411,24,1,1,1,1,2,,2,54,1,1,15,3,1970,1,,,,,,,,,,,,,,,,4120,8521,3,2,,,5,9998,0,8,8,8,8,8,0,40,,40,1,,2,,2,2,4,1700,,,,,,,,,,,,,,,2,1,1,1,2,,2,,2,,2,,2,,2,,2,,1,1,2,,2,,2,,9,3,,2,2,2,2,2,2,10,8,1,,,,,50,1700,,,,1700,1700,1750,1,2,,3.85995285413485
2025,01,00041,12,0034,1,3,2025010004112003412,24,1,2,3,1,2,,1,29,2,2,16,8,1995,1,,,,,,,,,,,,,,,,2611,6910,2,,3,2,1,1,0,5,3,5,5,5,3,26,,26,1,,2,,2,2,,,,,,,,,,,,,,,,,1,5,2,,2,,2,,2,,1,5,2,,2,,2,,1,5,2,,2,,2,,12,1,,2,2,2,2,2,2,10,7,1,,,,,,,1120,,,1120,1120,1120,1,1,,6.848092521438825
2025,01,00041,12,0034,1,3,2025010004112003413,24,1,3,4,1,2,,2,22,3,3,17,2,2002,2,2,2,2,2,2,2,2,2,2,2,2,2,2,2,2,,,,,,,,,,,,,,,,,,,,,,,,,,,,,,,,,,2,5,2,2,1,,,1,5,2,,2,,2,,2,,1,5,2,,2,,2,,1,5,2,,2,,2,,8,2,,2,2,2,2,2,2,10,5,4,,,,,,,,,,,,,1,,,6.92922708046115
2025,01,00041,12,0041,1,3,2025010004112004111,24,1,1,1,1,2,,1,30,1,1,1,11,1994,1,,,,,,,,,,,,,,,,220,8423,3,1,,,5,9998,0,17,7,0,17,7,0,48,,48,1,,2,,2,2,4,3100,24,,,,,,,,,,,,,,1,4,2,,2,,2,,1,1,2,,2,,2,,2,,2,,2,,2,,1,1,9,3,,2,2,2,2,2,2,10,5,1,104,,,,50,3100,,,,3204,3204,3254,1,2,,6.848092521438825
2025,01,00041,12,0041,1,3,2025010004112004112,24,1,2,2,1,2,,2,33,2,2,7,1,1992,2,2,2,2,2,2,2,2,2,2,2,2,2,2,2,2,,,,,,,,,,,,,,,,,,,,,,,,,,,,,,,,,,2,5,2,2,6,,,1,5,2,,2,,2,,2,,1,5,2,,2,,2,,2,,2,,2,,2,,6,5,,2,2,2,2,2,2,10,6,4,,,,,,,,,,,,,1,,,6.327531889640075
2025,01,00041,12,0041,1,3,2025010004112004113,24,1,3,3,1,2,,1,13,,,,,,,,,,,,,,,,,,,,,,,,,,,,,,,,,,,,,,,,,,,,,,,,,,,,,,,,,,,,,,,,,,,,,,,,,,,,,,,,,,,,,,,,,,,,,,,,,,,,,,,,,,,,,,,,1,,,
2025,01,00041,12,0041,1,3,2025010004112004114,24,1,4,3,1,2,,2,3,,,,,,,,,,,,,,,,,,,,,,,,,,,,,,,,,,,,,,,,,,,,,,,,,,,,,,,,,,,,,,,,,,,,,,,,,,,,,,,,,,,,,,,,,,,,,,,,,,,,,,,,,,,,,,,,1,,,
2025,01,00041,12,0103,1,3,2025010004112010311,24,1,1,1,1,2,,1,29,1,1,29,12,1995,1,,,,,,,,,,,,,,,,3322,4630,3,5,1,,1,12,0,8,8,8,8,8,8,48,,48,1,,2,,2,2,4,1200,,,,,,,,,,,,,,,1,1,1,1,2,,2,,2,,2,,2,,2,,2,,1,1,2,,2,,2,,10,4,,2,2,2,2,2,2,10,5,1,,,,,17,1200,,,,1200,1200,1217,1,2,,
2025,01,00041,12,0103,1,3,2025010004112010312,24,1,2,2,1,2,,2,28,2,2,12,9,1996,1,,,,,,,,,,,,,,,,5212,4752,3,5,3,2,1,5,0,9,9,9,9,9,0,45,,45,1,,2,,2,2,4,1025,,,,,,,,,,,,,,,1,6,2,,2,,2,,2,,2,,2,,2,,2,,2,,2,,2,,2,,10,2,,2,2,2,2,2,2,10,5,1,,,,,,1025,,,,1025,1025,1025,1,1,,
2025,01,00041,12,0103,1,3,2025010004112010313,24,1,3,3,1,2,,2,4,,,,,,,,,,,,,,,,,,,,,,,,,,,,,,,,,,,,,,,,,,,,,,,,,,,,,,,,,,,,,,,,,,,,,,,,,,,,,,,,,,,,,,,,,,,,,,,,,,,,,,,,,,,,,,,,1,,,
2025,01,00041,12,0103,1,3,2025010004112010315,24,1,4,6,1,2,,2,51,4,4,16,2,1974,2,2,2,2,2,2,2,2,2,2,2,2,2,2,2,2,,,,,,,,,,,,,,,,,,,,,,,,,,,,,,,,,,2,5,1,1,3,,,1,6,2,,2,,2,,2,,2,,2,,2,,2,,2,,2,,2,,2,,8,1,,2,2,2,2,2,2,10,5,4,,,,,,,,,,,,,1,,,
2025,01,00041,12,0103,1,3,2025010004112010316,24,1,5,7,1,2,,2,22,5,5,17,5,2002,1,,,,,,,,,,,,,,,,5131,5630,3,5,3,2,1,2,0,10,10,10,10,10,10,60,,60,1,,2,,2,2,4,1025,60,,,,,,,,,,,,,,1,6,2,,2,,2,,2,,2,,2,,2,,2,,2,,2,,2,,2,,6,5,,2,2,2,2,2,2,10,5,1,260,,,,42,1025,,,,1285,1285,1327,1,1,,
2025,01,00041,12,0103,1,3,2025010004112010314,24,1,6,8,1,2,,1,23,6,6,12,5,2001,2,1,,,,,,,,,,,,,,,5211,4630,3,5,2,2,1,7,0,0,0,0,0,0,0,0,,48,2,48,2,,2,2,4,1025,,,,,,,,,,,,,,,1,6,2,,2,,2,,2,,2,,2,,2,,2,,2,,2,,2,,2,,6,5,,2,2,2,2,2,2,10,5,1,,,,,34,1025,,,,1025,1025,1059,1,1,,
2025,01,00041,12,0145,1,3,2025010004112014511,24,1,1,1,1,2,,1,35,1,1,14,10,1989,1,,,,,,,,,,,,,,,,9411,5610,3,5,3,2,1,8,8,8,0,8,8,8,8,48,,48,1,,2,,2,2,1,40,54,,,,,,,,,,,,,,1,6,2,,2,,2,,2,,2,,2,,2,,2,,2,,2,,2,,2,,10,1,,2,2,2,2,2,2,10,8,1,234,,,,,1200,,,,1434,1434,1434,1,1,,
2025,01,00041,13,0115,1,3,2025010004113011511,24,1,1,1,1,2,,1,82,1,1,9,12,1942,2,2,2,2,2,2,2,2,2,2,2,2,2,2,2,2,,,,,,,,,,,,,,,,,,,,,,,,,,,,,,,,,,2,6,1,2,3,,,1,1,1,3,2,,2,,2,,2,,2,,2,,2,,2,,1,3,2,,2,,6,5,,2,2,2,2,2,2,10,5,4,,,,,,,,,,,,,1,,,6.527633575501975
2025,01,00041,13,0115,1,3,2025010004113011512,24,1,2,2,1,2,,2,81,2,2,28,6,1943,2,2,2,2,2,2,2,2,2,2,2,2,2,2,2,2,,,,,,,,,,,,,,,,,,,,,,,,,,,,,,,,,,2,8,2,2,3,,,2,1,1,4,2,,2,,2,,2,,2,,2,,2,,2,,2,,2,,2,,5,2,,2,2,2,2,2,2,10,7,4,,,,,,,,,,,,,1,,,5.20295485800365
2025,01,00041,13,0116,1,3,2025010004113011611,24,1,1,1,1,2,,2,25,1,1,29,5,1999,1,,,,,,,,,,,,,,,,5131,5610,3,5,2,2,1,5,0,8,8,8,8,8,8,48,,48,1,,1,1,1,1,2,240,60,,,,,,,,,,,,,,1,6,2,,2,,2,,2,,2,,2,,2,,2,,2,,2,,2,,2,,6,5,,2,2,2,2,2,2,10,6,1,260,,,,,1039,,,,1299,1299,1299,1,1,,6.327531889640075
2025,01,00041,13,0116,1,3,2025010004113011612,24,1,2,3,1,2,,2,3,,,,,,,,,,,,,,,,,,,,,,,,,,,,,,,,,,,,,,,,,,,,,,,,,,,,,,,,,,,,,,,,,,,,,,,,,,,,,,,,,,,,,,,,,,,,,,,,,,,,,,,,,,,,,,,,1,,,
2025,01,00041,13,0123,1,3,2025010004113012311,24,1,1,1,1,2,,2,54,1,1,12,1,1971,1,,,,,,,,,,,,,,,,2330,8521,3,2,,,5,9998,0,6,6,6,6,6,0,30,,30,1,,1,1,1,2,4,3000,,,,,,,,,,,,,,,1,1,1,1,2,,2,,2,,2,,2,,2,,2,,1,1,2,,2,,2,,9,5,,2,2,2,2,2,2,10,5,1,,,,,50,3000,,,,3000,3000,3050,1,2,,3.85995285413485
2025,01,00041,13,0123,1,3,2025010004113012313,24,1,2,2,1,2,,1,58,2,2,8,1,1967,1,,,,,,,,,,,,,,,,2330,8521,3,2,,,5,9998,0,6,6,6,6,6,0,30,,30,1,,1,1,1,2,4,2500,,,,,,,,,,,,,,,1,1,1,1,2,,2,,2,,2,,2,,2,,2,,1,1,2,,2,,2,,11,5,,2,2,2,2,2,2,10,7,1,,,,,50,2500,,,,2500,2500,2550,1,2,,4.152809278935275
2025,01,00041,13,0123,1,3,2025010004113012312,24,1,3,3,1,1,,2,20,,,,,,,,,,,,,,,,,,,,,,,,,,,,,,,,,,,,,,,,,,,,,,,,,,,,,,,,,,,,,,,,,,,,,,,,,,,,,,,,,,,,,,,,,,,,,,,,,,,,,,,,,,,,,,,,0,,,
2025,01,00041,13,0125,1,3,2025010004113012511,24,1,1,1,1,2,,1,83,1,1,17,6,1941,2,2,2,2,2,2,2,2,2,2,2,2,2,2,2,2,,,,,,,,,,,,,,,,,,,,,,,,,,,,,,,,,,2,8,2,2,3,,,1,5,2,,2,,2,,2,,1,5,2,,2,,2,,2,,2,,2,,2,,4,5,,2,2,2,2,2,2,10,7,4,,,,,,,,,,,,,1,,,6.264725713474625
2025,01,00041,13,0125,1,3,2025010004113012512,24,1,2,3,1,2,,2,53,2,2,4,2,1972,1,,,,,,,,,,,,,,,,5212,4711,2,,3,2,1,1,10,10,12,10,10,10,12,74,,74,1,,1,1,1,2,,,,,,,,,,,,,,,,,1,5,2,,2,,2,,2,,1,5,2,,2,,2,,2,,2,,2,,2,,6,5,,2,2,2,2,2,2,10,5,1,,450,,,,,490,,,940,940,940,1,1,,5.20295485800365
2025,01,00041,13,0125,1,3,2025010004113012513,24,1,3,3,1,2,,1,48,3,3,4,11,1976,1,,,,,,,,,,,,,,,,7111,4100,3,5,3,2,1,4,0,8,8,9,9,8,8,50,,50,1,,1,1,1,2,2,600,,,,,,,,,,,,,,,1,5,2,,2,,2,,2,,1,5,2,,2,,2,,1,5,2,,2,,2,,9,3,,2,2,2,2,2,2,10,5,1,,,,,,2598,,,,2598,2598,2598,1,1,,4.152809278935275
